Workbook

Sheet Read Me
A1: EPF Wage Ceiling 2026 - Impact Calculator (Excel)
A2: LEAP Business Solutions. Live formulas: change an input and everything recalculates.
A4: Sheet | B4: What it is for
A5: Settings | B5: Start here. Pick the period, the September method, the PF wage basis and the PF wage rule. The rates and limits sit here too, each with its source.
A6: Single Calculator | B6: One employee. Shows every step from PF wage to each EPFO account, with a note on how each line is worked out.
A7: Split vs Whole Month | B7: Same employee under three September methods side by side, with the rupee difference. Use it to decide how to treat the changeover month.
A8: Bulk Calculator | B8: Up to 300 employees. Paste payroll heads from row 8, mark which heads count towards PF wage in row 4, and every employee is worked out by account. Totals sit in row 5.
A9: Notes & Sources | B9: The Gazette reference, the rates, the rounding rules and what this workbook does not decide.
A11: Colour key | B11: Meaning
A12: Blue text on yellow | B12: An input. Type or paste here.
A13: Black text | B13: A formula. Do not type over it.
A14: Grey fill | B14: Working columns in the Bulk sheet, shown so you can follow the calculation.
A16: Quick start
A17: 1. Open Settings and choose the period. For September 2026 also choose the September method.
A18: 2. For one employee, go to Single Calculator, type the PF wage in B4, and read the results below.
A19: 3. For a payroll file, go to Bulk Calculator. Replace the three sample rows (Sample Employee 1 to 3) with your own data.
A20: 4. In Bulk row 4, mark which pay heads count as PF wage. Different clients follow different practice: Basic + DA only, Basic + DA + uniform allowances, or Gross minus HRA (set the rule on Settings).
A21: 5. Read the Notes column in Bulk for any row that needs attention (not a member, zero PF wage, pay heads not adding up to gross, and so on).
A22: 6. Before you rely on a figure, read Notes & Sources. The September 2026 method is not settled by the documents reviewed.
A24: Indicative figures for planning. Not legal advice. Sources and limits are on the Notes & Sources sheet.
A25: Version: 21 September 2026. Based on Gazette S.O. 5109(E) dated 17.09.2026. Formulas are locked without a password so they are not changed by accident: only the blue cells on yellow can be edited. To unlock, use Review > Unprotect Sheet.

Sheet Settings
A1: Settings
A2: Change the blue cells on yellow. Every other sheet reads from here.
A4: Your choices | B4: Value | C4: What it does | F4: Lists for the drop-downs (do not edit)
A5: Wage period | B5: September 2026 (changeover month) | C5: Which period the calculators work on. Only "September 2026" uses the September method below. | F5: Before 17 Sep 2026 (₹15,000 ceiling) | G5: Split by days (16 days at ₹15,000 + 14 days at ₹25,000) | H5: Ceiling-capped (standard) | I5: Sum of ticked heads | J5: Yes
A6: September method | B6: Split by days (16 days at ₹15,000 + 14 days at ₹25,000) | C6: How the changeover month is treated. The Gazette does not say how to handle a mid-month change, so this is your call. See the "Notes & Sources" sheet. | F6: September 2026 (changeover month) | G6: Whole month at ₹25,000 | H6: On actual wages (voluntary) | I6: Gross minus ticked heads | J6: No
A7: PF wage basis | B7: Ceiling-capped (standard) | C7: Ceiling-capped is the standard basis. "On actual wages" is a voluntary arrangement above the ceiling. | F7: October 2026 onwards (₹25,000 ceiling) | G7: Whole month at ₹15,000 (new ceiling from October)
A8: PF wage rule (Bulk sheet) | B8: Sum of ticked heads | C8: Bulk sheet only. "Sum of ticked heads" adds the pay heads marked Y. "Gross minus ticked heads" starts from Gross and removes the heads marked Y.
A9: Include EDLI and admin charges | B9: Yes | C9: Employer overheads of 0.5% each, on top of the 12%.
A10: Warn if PF wage is under 50% of gross (Bulk sheet) | B10: No | C10: Only adds a note against the row. It never changes a figure.
A12: Rates and limits | B12: Value | C12: Source or note
A13: Earlier wage ceiling (₹ per month) | B13: 15000 | C13: Notification GSR 609(E) dated 22.08.2014. Applies up to 16 September 2026.
A14: New wage ceiling (₹ per month) | B14: 25000 | C14: Gazette S.O. 5109(E) dated 17.09.2026, effective from the date of publication, superseding S.O. 2702(E) dated 29.05.2026.
A15: Days in the month used for proration | B15: 30 | C15: A 30-day month is used to spread each ceiling across the days worked. Assumption made for this model.
A16: Days from 1 to 16 September (old ceiling) | B16: 16 | C16: The notification took effect on 17 September 2026, so 1 to 16 September is 16 days.
A17: Days from 17 to 30 September (new ceiling) | B17: 14 | C17: 17 to 30 September is 14 days.
A18: Employee contribution rate | B18: 0.12 | C18: EPF rate: Section 6, EPF & MP Act, 1952.
A19: Employer contribution rate (total) | B19: 0.12 | C19: Employer matches at 12%. It is split between EPS and EPF below.
A20: Employer EPS rate (A/c 10) | B20: 0.0833 | C20: EPS 8.33%: Para 3, Employees’ Pension Scheme, 1995. The balance of the employer 12% (3.67%) goes to EPF A/c 1.
A21: EDLI rate (A/c 21) | B21: 0.005 | C21: EDLI 0.5%: Para 8A, EDLI Scheme, 1976. Worked on wages capped at the ceiling.
A22: EPF admin charges rate (A/c 2) | B22: 0.005 | C22: Straight 0.5% of PF wages. The ₹500 monthly minimum is an establishment-level floor and is taken as already met, so it is not applied per employee.
A24: Worked out from your choices (do not edit) | B24: Value | C24: Meaning
A25: Period number (1 before, 2 September, 3 October on) | B25: =MATCH(B5,F5:F7,0) -> 2 | C25: Position of your choice in its drop-down list.
A26: Method number (1 split, 2 whole at 25,000, 3 whole at 15,000) | B26: =MATCH(B6,G5:G7,0) -> 1
A27: Ceiling-capped basis? | B27: =(MATCH(B7,H5:H6,0)=1) -> TRUE
A28: Use two halves (days 1-16 and 17-30)? | B28: =AND(B25=2,B26=1) -> TRUE
A29: Ceiling for the first slab | B29: =IF(B25=1,B13,IF(B25=3,B14,IF(B26=2,B14,B13))) -> 15000 | C29: Before 17 Sep: 15,000. October on: 25,000. September: depends on the method.
A30: Ceiling for the second slab (used only when two halves apply) | B30: =B14 -> 25000
A31: Employer overheads on? | B31: =(B9="Yes") -> TRUE
A32: 50% warning on? | B32: =(B10="Yes") -> FALSE
A33: PF wage rule is "Gross minus ticked heads"? | B33: =(MATCH(B8,I5:I6,0)=2) -> FALSE

Sheet Single Calculator
A1: Single employee calculator
A2: Enter one employee below. The period, September method and basis come from the Settings sheet.
A3: Inputs | B3: Value | C3: Note
A4: Statutory PF wage per month (₹) | B4: 30000 | C4: Use PF wages, not gross pay. Gross is not the same as PF wages under Section 2(88) of the Code on Social Security.
A5: Days worked, 1 to 16 Sep | B5: 16 | C5: Only used when Settings says September is split by days. Leave blank for the full 16 days.
A6: Days worked, 17 to 30 Sep | B6: 14 | C6: Leave blank for the full 14 days.
A7: Pension (EPS) applicable? | B7: Yes | C7: Choose No if the employee is not eligible for pension. The whole employer 12% then goes to EPF.
A9: Working with these settings: | B9: =Settings!B5&" | "&IF(Settings!B25=2,Settings!B6&" | ","")&Settings!B7 -> September 2026 (changeover month) | Split by days (16 days at ₹15,000 + 14 days at ₹25,000) | Ceiling-capped (standard)
A11: Working | B11: Result | C11: How it is worked out
A12: Ceiling for 1 to 16 September slab | B12: =Settings!$B$29 -> 15000 | C12: Old ceiling before 17 Sep, new ceiling from October. For September it depends on the method chosen.
A13: Share of month, first slab | B13: =IF(Settings!$B$28,MAX(0,MIN(Settings!$B$16,IF($B$5="",Settings!$B$16,$B$5)))/Settings!$B$15,1) -> 0.53333333 | C13: Days in the first slab ÷ 30. Shows 1 when no split applies.
A14: Ceiling for 17 to 30 September slab | B14: =Settings!$B$30 -> 25000 | C14: Only used when the month is split by days.
A15: Share of month, second slab | B15: =IF(Settings!$B$28,MAX(0,MIN(Settings!$B$17,IF($B$6="",Settings!$B$17,$B$6)))/Settings!$B$15,0) -> 0.46666667 | C15: Days in the second slab ÷ 30. Zero when no split applies.
A16: PF wage, first slab | B16: =ROUND(IF(Settings!$B$27,MIN($B$4,B12),$B$4)*B13,0) -> 8000 | C16: Lower of wage and ceiling (or full wage on the actual basis) × share of month, rounded to whole rupees.
A17: PF wage, second slab | B17: =ROUND(IF(Settings!$B$27,MIN($B$4,B14),$B$4)*B15,0) -> 11667 | C17: Same working for the second slab.
A18: Combined PF wage | B18: =B16+B17 -> 19667 | C18: First slab + second slab. All contributions below are worked on this figure.
A19: Wage capped at the ceiling | B19: =ROUND(MIN($B$4,B12)*B13,0)+ROUND(MIN($B$4,B14)*B15,0) -> 19667 | C19: Used for EDLI. Always ceiling-capped, even when PF is on actual wages.
A20: Pension wage | B20: =IF($B$7="No",0,B19) -> 19667 | C20: The wage EPS is worked on. Ceiling-capped. Zero if pension is marked No.
A21: Employee A/c 1 (12%) | B21: =ROUND(B18*Settings!$B$18,0) -> 2360 | C21: 12% of the combined PF wage, rounded.
A22: Employer share (12%) | B22: =ROUND(B18*Settings!$B$19,0) -> 2360 | C22: Same amount as the employee share. Split into EPS and EPF below.
A23: Employer A/c 10, EPS (8.33%) | B23: =MIN(ROUND(B20*Settings!$B$20,0),B22) -> 1638 | C23: 8.33% of the pension wage, rounded, and never more than the employer 12%.
A24: Employer A/c 1, EPF (3.67% balance) | B24: =B22-B23 -> 722 | C24: Employer 12% minus EPS.
A25: Employer A/c 2, admin (0.5%) | B25: =IF(Settings!$B$31,ROUND(B18*Settings!$B$22,0),0) -> 98 | C25: 0.5% of the combined PF wage. No ₹500 minimum applied per employee.
A26: Employer A/c 21, EDLI (0.5%) | B26: =IF(Settings!$B$31,ROUND(B19*Settings!$B$21,0),0) -> 98 | C26: 0.5% of the wage capped at the ceiling.
A27: Total monthly outflow | B27: =B21+B22+B25+B26 -> 4916 | C27: Employee 12% + employer 12% + admin + EDLI (overheads only if switched on).
A29: Reading the result
A30: Amounts are in rupees, rounded per line. Outflow is what the employer and employee together pay each month. The employee share is deducted from salary; the employer share and overheads are a cost to the company.

Sheet Split vs Whole Month
A1: September method comparison
A2: Same employee, three ways of treating September 2026. Basis and overhead choices come from Settings.
A3: Inputs | B3: Value | C3: Note
A4: Statutory PF wage per month (₹) | B4: 30000 | C4: Same rules as the single calculator.
A5: Days worked, 1 to 16 Sep | B5: 16 | C5: Days matter only for the split method. Blank means the full 16 days.
A6: Days worked, 17 to 30 Sep | B6: 14 | C6: Blank means the full 14 days.
A7: Pension (EPS) applicable? | B7: Yes
A10: Working | B10: Split by days | C10: Whole month at ₹25,000 | D10: Whole month at ₹15,000 | E10: How it is worked out
A11: Ceiling for 1 to 16 September slab | B11: =Settings!$B$13 -> 15000 | C11: =Settings!$B$14 -> 25000 | D11: =Settings!$B$13 -> 15000 | E11: Old ceiling before 17 Sep, new ceiling from October. For September it depends on the method chosen.
A12: Share of month, first slab | B12: =MAX(0,MIN(Settings!$B$16,IF($B$5="",Settings!$B$16,$B$5)))/Settings!$B$15 -> 0.53333333 | C12: =1 -> 1 | D12: =1 -> 1 | E12: Days in the first slab ÷ 30. Shows 1 when no split applies.
A13: Ceiling for 17 to 30 September slab | B13: =Settings!$B$14 -> 25000 | C13: =Settings!$B$14 -> 25000 | D13: =Settings!$B$14 -> 25000 | E13: Only used when the month is split by days.
A14: Share of month, second slab | B14: =MAX(0,MIN(Settings!$B$17,IF($B$6="",Settings!$B$17,$B$6)))/Settings!$B$15 -> 0.46666667 | C14: =0 -> 0 | D14: =0 -> 0 | E14: Days in the second slab ÷ 30. Zero when no split applies.
A15: PF wage, first slab | B15: =ROUND(IF(Settings!$B$27,MIN($B$4,B11),$B$4)*B12,0) -> 8000 | C15: =ROUND(IF(Settings!$B$27,MIN($B$4,C11),$B$4)*C12,0) -> 25000 | D15: =ROUND(IF(Settings!$B$27,MIN($B$4,D11),$B$4)*D12,0) -> 15000 | E15: Lower of wage and ceiling (or full wage on the actual basis) × share of month, rounded to whole rupees.
A16: PF wage, second slab | B16: =ROUND(IF(Settings!$B$27,MIN($B$4,B13),$B$4)*B14,0) -> 11667 | C16: =ROUND(IF(Settings!$B$27,MIN($B$4,C13),$B$4)*C14,0) -> 0 | D16: =ROUND(IF(Settings!$B$27,MIN($B$4,D13),$B$4)*D14,0) -> 0 | E16: Same working for the second slab.
A17: Combined PF wage | B17: =B15+B16 -> 19667 | C17: =C15+C16 -> 25000 | D17: =D15+D16 -> 15000 | E17: First slab + second slab. All contributions below are worked on this figure.
A18: Wage capped at the ceiling | B18: =ROUND(MIN($B$4,B11)*B12,0)+ROUND(MIN($B$4,B13)*B14,0) -> 19667 | C18: =ROUND(MIN($B$4,C11)*C12,0)+ROUND(MIN($B$4,C13)*C14,0) -> 25000 | D18: =ROUND(MIN($B$4,D11)*D12,0)+ROUND(MIN($B$4,D13)*D14,0) -> 15000 | E18: Used for EDLI. Always ceiling-capped, even when PF is on actual wages.
A19: Pension wage | B19: =IF($B$7="No",0,B18) -> 19667 | C19: =IF($B$7="No",0,C18) -> 25000 | D19: =IF($B$7="No",0,D18) -> 15000 | E19: The wage EPS is worked on. Ceiling-capped. Zero if pension is marked No.
A20: Employee A/c 1 (12%) | B20: =ROUND(B17*Settings!$B$18,0) -> 2360 | C20: =ROUND(C17*Settings!$B$18,0) -> 3000 | D20: =ROUND(D17*Settings!$B$18,0) -> 1800 | E20: 12% of the combined PF wage, rounded.
A21: Employer share (12%) | B21: =ROUND(B17*Settings!$B$19,0) -> 2360 | C21: =ROUND(C17*Settings!$B$19,0) -> 3000 | D21: =ROUND(D17*Settings!$B$19,0) -> 1800 | E21: Same amount as the employee share. Split into EPS and EPF below.
A22: Employer A/c 10, EPS (8.33%) | B22: =MIN(ROUND(B19*Settings!$B$20,0),B21) -> 1638 | C22: =MIN(ROUND(C19*Settings!$B$20,0),C21) -> 2083 | D22: =MIN(ROUND(D19*Settings!$B$20,0),D21) -> 1250 | E22: 8.33% of the pension wage, rounded, and never more than the employer 12%.
A23: Employer A/c 1, EPF (3.67% balance) | B23: =B21-B22 -> 722 | C23: =C21-C22 -> 917 | D23: =D21-D22 -> 550 | E23: Employer 12% minus EPS.
A24: Employer A/c 2, admin (0.5%) | B24: =IF(Settings!$B$31,ROUND(B17*Settings!$B$22,0),0) -> 98 | C24: =IF(Settings!$B$31,ROUND(C17*Settings!$B$22,0),0) -> 125 | D24: =IF(Settings!$B$31,ROUND(D17*Settings!$B$22,0),0) -> 75 | E24: 0.5% of the combined PF wage. No ₹500 minimum applied per employee.
A25: Employer A/c 21, EDLI (0.5%) | B25: =IF(Settings!$B$31,ROUND(B18*Settings!$B$21,0),0) -> 98 | C25: =IF(Settings!$B$31,ROUND(C18*Settings!$B$21,0),0) -> 125 | D25: =IF(Settings!$B$31,ROUND(D18*Settings!$B$21,0),0) -> 75 | E25: 0.5% of the wage capped at the ceiling.
A26: Total monthly outflow | B26: =B20+B21+B24+B25 -> 4916 | C26: =C20+C21+C24+C25 -> 6250 | D26: =D20+D21+D24+D25 -> 3750 | E26: Employee 12% + employer 12% + admin + EDLI (overheads only if switched on).
A28: Difference against the split method
B29: Split by days | C29: Whole month at ₹25,000 | D29: Whole month at ₹15,000
A30: Employee deduction, difference | B30: =B20-$B$20 -> 0 | C30: =C20-$B$20 -> 640 | D30: =D20-$B$20 -> -560 | E30: A positive figure means that method costs the employee more than splitting by days.
A31: Total outflow, difference | B31: =B26-$B$26 -> 0 | C31: =C26-$B$26 -> 1334 | D31: =D26-$B$26 -> -1166 | E31: A positive figure means that method costs more in total than splitting by days.
A33: None of these three methods is confirmed by the Gazette notification, the EPFO press release or the PIB release reviewed for this model. Check EPFO’s operational guidance before you file for September 2026.

Sheet Bulk Calculator
A1: Bulk PF calculator
A2: Paste or type up to 300 employees from row 8. Row 4 tells the sheet which pay heads count towards PF wage. The period and method come from Settings.
A4: =IF(Settings!B33,"Row 4: mark Y for heads LEFT OUT of PF wage","Row 4: mark Y for heads COUNTED as PF wage") -> Row 4: mark Y for heads COUNTED as PF wage | C4: Y | D4: N | E4: N | F4: N | G4: N
A5: TOTAL (all rows) | B5: =COUNT(M8:M307)&" employees counted" -> 3 employees counted | M5: =SUM(M8:M307) -> 50000 | P5: =SUM(P8:P307) -> 14400 | Q5: =SUM(Q8:Q307) -> 23333 | R5: =SUM(R8:R307) -> 37733 | S5: =SUM(S8:S307) -> 37733 | T5: =SUM(T8:T307) -> 37733 | U5: =SUM(U8:U307) -> 4528 | V5: =SUM(V8:V307) -> 1384 | W5: =SUM(W8:W307) -> 189 | ... Z5: =SUM(Z8:Z307) -> 9434
A6: YOUR DATA (blue) | M6: WORKING (calculated, do not type here) | U6: CONTRIBUTION BY ACCOUNT (calculated)
A7: Emp Code | B7: Name | C7: Basic+DA | D7: HRA | E7: Bonus | F7: Medical Allowance | G7: Special Allowance | H7: Gross Salary | I7: Days 1-16 Sep (max 16) | J7: Days 17-30 Sep (max 14) | K7: PF Member (Y/N) | L7: Pension (Y/N) | M7: PF wage as per rule | N7: Share of month, first slab | O7: Share of month, second slab | P7: PF wage, first slab | Q7: PF wage, second slab | R7: Combined PF wage | S7: Wage capped at ceiling | T7: Pension wage | U7: Employee A/c 1 (12%) | V7: Employer A/c 1 (3.67%) | W7: Employer A/c 2, admin (0.5%) | X7: Employer A/c 10, EPS (8.33%) | Y7: Employer A/c 21, EDLI (0.5%) | Z7: Total | AA7: Notes
A8: E001 | B8: Sample Employee 1 | C8: 12000 | D8: 6000 | E8: 1000 | F8: 1250 | G8: 4750 | H8: 25000 | I8: 16 | J8: 14 | K8: Y | L8: Y | M8: =IF(COUNT(C8:H8)=0,"",IFERROR(MAX(0,ROUND(IF(Settings!$B$33,IF(H8="",SUM(C8:G8),H8)-SUMPRODUCT(($C$4:$G$4="Y")*C8:G8),SUMPRODUCT(($C$4:$G$4="Y")*C8:G8)),0)),"Check inputs")) -> 12000 | N8: =IF(AND(N($M8)>0,UPPER($K8)<>"N"),IF(Settings!$B$28,MAX(0,MIN(Settings!$B$16,IF(I8="",Settings!$B$16,I8)))/Settings!$B$15,1),"") -> 0.53333333 | O8: =IF(AND(N($M8)>0,UPPER($K8)<>"N"),IF(Settings!$B$28,MAX(0,MIN(Settings!$B$17,IF(J8="",Settings!$B$17,J8)))/Settings!$B$15,0),"") -> 0.46666667 | P8: =IF(N8="","",ROUND(IF(Settings!$B$27,MIN($M8,Settings!$B$29),$M8)*N8,0)) -> 6400 | Q8: =IF(N8="","",ROUND(IF(Settings!$B$27,MIN($M8,Settings!$B$30),$M8)*O8,0)) -> 5600 | R8: =IF(N8="","",P8+Q8) -> 12000 | S8: =IF(N8="","",ROUND(MIN($M8,Settings!$B$29)*N8,0)+ROUND(MIN($M8,Settings!$B$30)*O8,0)) -> 12000 | T8: =IF(N8="","",IF(UPPER(L8)="N",0,S8)) -> 12000 | U8: =IF(N8="","",ROUND(R8*Settings!$B$18,0)) -> 1440 | V8: =IF(N8="","",ROUND(R8*Settings!$B$19,0)-X8) -> 440 | W8: =IF(N8="","",IF(Settings!$B$31,ROUND(R8*Settings!$B$22,0),0)) -> 60 | X8: =IF(N8="","",MIN(ROUND(T8*Settings!$B$20,0),ROUND(R8*Settings!$B$19,0))) -> 1000 | Y8: =IF(N8="","",IF(Settings!$B$31,ROUND(S8*Settings!$B$21,0),0)) -> 60 | Z8: =IF(N8="","",U8+V8+X8+W8+Y8) -> 3000 | AA8: =IF(COUNT(C8:H8)=0,"",TRIM(IF(UPPER(K8)="N","Not a PF member, skipped. ","")&IF(AND(UPPER(K8)<>"N",N(M8)<=0),"PF wage is zero, skipped. ","")&IF(AND(UPPER(K8)<>"N",N(M8)>0,UPPER(L8)="N"),"Pension not applicable, whole 12% goes to EPF. ","")&IF(AND(ISNUMBER(H8),ABS(SUM(C8:G8)-N(H8))>1),"Heads in the file add up to "&SUM(C8:G8)&", Gross is "&H8&" (a pay head may be missing). ","")&IF(AND(Settings!$B$32,N(H8)>0,ISNUMBER(M8),N(M8)<H8*0.5-0.5),"50% check: PF wage is "&TEXT(M8/H8,"0%")&" of gross. ","")&IF(AND(N(M8)>0,UPPER(K8)<>"N",N(N8)+N(O8)=0),"No days to count. ","")))
A9: E002 | B9: Sample Employee 2 | C9: 20000 | D9: 10000 | E9: 1500 | F9: 1250 | G9: 7250 | H9: 40000 | I9: 16 | J9: 14 | K9: Y | L9: Y | M9: =IF(COUNT(C9:H9)=0,"",IFERROR(MAX(0,ROUND(IF(Settings!$B$33,IF(H9="",SUM(C9:G9),H9)-SUMPRODUCT(($C$4:$G$4="Y")*C9:G9),SUMPRODUCT(($C$4:$G$4="Y")*C9:G9)),0)),"Check inputs")) -> 20000 | N9: =IF(AND(N($M9)>0,UPPER($K9)<>"N"),IF(Settings!$B$28,MAX(0,MIN(Settings!$B$16,IF(I9="",Settings!$B$16,I9)))/Settings!$B$15,1),"") -> 0.53333333 | O9: =IF(AND(N($M9)>0,UPPER($K9)<>"N"),IF(Settings!$B$28,MAX(0,MIN(Settings!$B$17,IF(J9="",Settings!$B$17,J9)))/Settings!$B$15,0),"") -> 0.46666667 | P9: =IF(N9="","",ROUND(IF(Settings!$B$27,MIN($M9,Settings!$B$29),$M9)*N9,0)) -> 8000 | Q9: =IF(N9="","",ROUND(IF(Settings!$B$27,MIN($M9,Settings!$B$30),$M9)*O9,0)) -> 9333 | R9: =IF(N9="","",P9+Q9) -> 17333 | S9: =IF(N9="","",ROUND(MIN($M9,Settings!$B$29)*N9,0)+ROUND(MIN($M9,Settings!$B$30)*O9,0)) -> 17333 | T9: =IF(N9="","",IF(UPPER(L9)="N",0,S9)) -> 17333 | U9: =IF(N9="","",ROUND(R9*Settings!$B$18,0)) -> 2080 | V9: =IF(N9="","",ROUND(R9*Settings!$B$19,0)-X9) -> 636 | W9: =IF(N9="","",IF(Settings!$B$31,ROUND(R9*Settings!$B$22,0),0)) -> 87 | X9: =IF(N9="","",MIN(ROUND(T9*Settings!$B$20,0),ROUND(R9*Settings!$B$19,0))) -> 1444 | Y9: =IF(N9="","",IF(Settings!$B$31,ROUND(S9*Settings!$B$21,0),0)) -> 87 | Z9: =IF(N9="","",U9+V9+X9+W9+Y9) -> 4334 | AA9: =IF(COUNT(C9:H9)=0,"",TRIM(IF(UPPER(K9)="N","Not a PF member, skipped. ","")&IF(AND(UPPER(K9)<>"N",N(M9)<=0),"PF wage is zero, skipped. ","")&IF(AND(UPPER(K9)<>"N",N(M9)>0,UPPER(L9)="N"),"Pension not applicable, whole 12% goes to EPF. ","")&IF(AND(ISNUMBER(H9),ABS(SUM(C9:G9)-N(H9))>1),"Heads in the file add up to "&SUM(C9:G9)&", Gross is "&H9&" (a pay head may be missing). ","")&IF(AND(Settings!$B$32,N(H9)>0,ISNUMBER(M9),N(M9)<H9*0.5-0.5),"50% check: PF wage is "&TEXT(M9/H9,"0%")&" of gross. ","")&IF(AND(N(M9)>0,UPPER(K9)<>"N",N(N9)+N(O9)=0),"No days to count. ","")))
A10: E003 | B10: Sample Employee 3 | C10: 18000 | D10: 9000 | E10: 1000 | F10: 1250 | G10: 5750 | H10: 35000 | I10: 0 | J10: 14 | K10: Y | L10: Y | M10: =IF(COUNT(C10:H10)=0,"",IFERROR(MAX(0,ROUND(IF(Settings!$B$33,IF(H10="",SUM(C10:G10),H10)-SUMPRODUCT(($C$4:$G$4="Y")*C10:G10),SUMPRODUCT(($C$4:$G$4="Y")*C10:G10)),0)),"Check inputs")) -> 18000 | N10: =IF(AND(N($M10)>0,UPPER($K10)<>"N"),IF(Settings!$B$28,MAX(0,MIN(Settings!$B$16,IF(I10="",Settings!$B$16,I10)))/Settings!$B$15,1),"") -> 0 | O10: =IF(AND(N($M10)>0,UPPER($K10)<>"N"),IF(Settings!$B$28,MAX(0,MIN(Settings!$B$17,IF(J10="",Settings!$B$17,J10)))/Settings!$B$15,0),"") -> 0.46666667 | P10: =IF(N10="","",ROUND(IF(Settings!$B$27,MIN($M10,Settings!$B$29),$M10)*N10,0)) -> 0 | Q10: =IF(N10="","",ROUND(IF(Settings!$B$27,MIN($M10,Settings!$B$30),$M10)*O10,0)) -> 8400 | R10: =IF(N10="","",P10+Q10) -> 8400 | S10: =IF(N10="","",ROUND(MIN($M10,Settings!$B$29)*N10,0)+ROUND(MIN($M10,Settings!$B$30)*O10,0)) -> 8400 | T10: =IF(N10="","",IF(UPPER(L10)="N",0,S10)) -> 8400 | U10: =IF(N10="","",ROUND(R10*Settings!$B$18,0)) -> 1008 | V10: =IF(N10="","",ROUND(R10*Settings!$B$19,0)-X10) -> 308 | W10: =IF(N10="","",IF(Settings!$B$31,ROUND(R10*Settings!$B$22,0),0)) -> 42 | X10: =IF(N10="","",MIN(ROUND(T10*Settings!$B$20,0),ROUND(R10*Settings!$B$19,0))) -> 700 | Y10: =IF(N10="","",IF(Settings!$B$31,ROUND(S10*Settings!$B$21,0),0)) -> 42 | Z10: =IF(N10="","",U10+V10+X10+W10+Y10) -> 2100 | AA10: =IF(COUNT(C10:H10)=0,"",TRIM(IF(UPPER(K10)="N","Not a PF member, skipped. ","")&IF(AND(UPPER(K10)<>"N",N(M10)<=0),"PF wage is zero, skipped. ","")&IF(AND(UPPER(K10)<>"N",N(M10)>0,UPPER(L10)="N"),"Pension not applicable, whole 12% goes to EPF. ","")&IF(AND(ISNUMBER(H10),ABS(SUM(C10:G10)-N(H10))>1),"Heads in the file add up to "&SUM(C10:G10)&", Gross is "&H10&" (a pay head may be missing). ","")&IF(AND(Settings!$B$32,N(H10)>0,ISNUMBER(M10),N(M10)<H10*0.5-0.5),"50% check: PF wage is "&TEXT(M10/H10,"0%")&" of gross. ","")&IF(AND(N(M10)>0,UPPER(K10)<>"N",N(N10)+N(O10)=0),"No days to count. ","")))
M11: =IF(COUNT(C11:H11)=0,"",IFERROR(MAX(0,ROUND(IF(Settings!$B$33,IF(H11="",SUM(C11:G11),H11)-SUMPRODUCT(($C$4:$G$4="Y")*C11:G11),SUMPRODUCT(($C$4:$G$4="Y")*C11:G11)),0)),"Check inputs")) | N11: =IF(AND(N($M11)>0,UPPER($K11)<>"N"),IF(Settings!$B$28,MAX(0,MIN(Settings!$B$16,IF(I11="",Settings!$B$16,I11)))/Settings!$B$15,1),"") | O11: =IF(AND(N($M11)>0,UPPER($K11)<>"N"),IF(Settings!$B$28,MAX(0,MIN(Settings!$B$17,IF(J11="",Settings!$B$17,J11)))/Settings!$B$15,0),"") | P11: =IF(N11="","",ROUND(IF(Settings!$B$27,MIN($M11,Settings!$B$29),$M11)*N11,0)) | Q11: =IF(N11="","",ROUND(IF(Settings!$B$27,MIN($M11,Settings!$B$30),$M11)*O11,0)) | R11: =IF(N11="","",P11+Q11) | S11: =IF(N11="","",ROUND(MIN($M11,Settings!$B$29)*N11,0)+ROUND(MIN($M11,Settings!$B$30)*O11,0)) | T11: =IF(N11="","",IF(UPPER(L11)="N",0,S11)) | U11: =IF(N11="","",ROUND(R11*Settings!$B$18,0)) | V11: =IF(N11="","",ROUND(R11*Settings!$B$19,0)-X11) | W11: =IF(N11="","",IF(Settings!$B$31,ROUND(R11*Settings!$B$22,0),0)) | X11: =IF(N11="","",MIN(ROUND(T11*Settings!$B$20,0),ROUND(R11*Settings!$B$19,0))) | Y11: =IF(N11="","",IF(Settings!$B$31,ROUND(S11*Settings!$B$21,0),0)) | Z11: =IF(N11="","",U11+V11+X11+W11+Y11) | AA11: =IF(COUNT(C11:H11)=0,"",TRIM(IF(UPPER(K11)="N","Not a PF member, skipped. ","")&IF(AND(UPPER(K11)<>"N",N(M11)<=0),"PF wage is zero, skipped. ","")&IF(AND(UPPER(K11)<>"N",N(M11)>0,UPPER(L11)="N"),"Pension not applicable, whole 12% goes to EPF. ","")&IF(AND(ISNUMBER(H11),ABS(SUM(C11:G11)-N(H11))>1),"Heads in the file add up to "&SUM(C11:G11)&", Gross is "&H11&" (a pay head may be missing). ","")&IF(AND(Settings!$B$32,N(H11)>0,ISNUMBER(M11),N(M11)<H11*0.5-0.5),"50% check: PF wage is "&TEXT(M11/H11,"0%")&" of gross. ","")&IF(AND(N(M11)>0,UPPER(K11)<>"N",N(N11)+N(O11)=0),"No days to count. ","")))
M12: =IF(COUNT(C12:H12)=0,"",IFERROR(MAX(0,ROUND(IF(Settings!$B$33,IF(H12="",SUM(C12:G12),H12)-SUMPRODUCT(($C$4:$G$4="Y")*C12:G12),SUMPRODUCT(($C$4:$G$4="Y")*C12:G12)),0)),"Check inputs")) | N12: =IF(AND(N($M12)>0,UPPER($K12)<>"N"),IF(Settings!$B$28,MAX(0,MIN(Settings!$B$16,IF(I12="",Settings!$B$16,I12)))/Settings!$B$15,1),"") | O12: =IF(AND(N($M12)>0,UPPER($K12)<>"N"),IF(Settings!$B$28,MAX(0,MIN(Settings!$B$17,IF(J12="",Settings!$B$17,J12)))/Settings!$B$15,0),"") | P12: =IF(N12="","",ROUND(IF(Settings!$B$27,MIN($M12,Settings!$B$29),$M12)*N12,0)) | Q12: =IF(N12="","",ROUND(IF(Settings!$B$27,MIN($M12,Settings!$B$30),$M12)*O12,0)) | R12: =IF(N12="","",P12+Q12) | S12: =IF(N12="","",ROUND(MIN($M12,Settings!$B$29)*N12,0)+ROUND(MIN($M12,Settings!$B$30)*O12,0)) | T12: =IF(N12="","",IF(UPPER(L12)="N",0,S12)) | U12: =IF(N12="","",ROUND(R12*Settings!$B$18,0)) | V12: =IF(N12="","",ROUND(R12*Settings!$B$19,0)-X12) | W12: =IF(N12="","",IF(Settings!$B$31,ROUND(R12*Settings!$B$22,0),0)) | X12: =IF(N12="","",MIN(ROUND(T12*Settings!$B$20,0),ROUND(R12*Settings!$B$19,0))) | Y12: =IF(N12="","",IF(Settings!$B$31,ROUND(S12*Settings!$B$21,0),0)) | Z12: =IF(N12="","",U12+V12+X12+W12+Y12) | AA12: =IF(COUNT(C12:H12)=0,"",TRIM(IF(UPPER(K12)="N","Not a PF member, skipped. ","")&IF(AND(UPPER(K12)<>"N",N(M12)<=0),"PF wage is zero, skipped. ","")&IF(AND(UPPER(K12)<>"N",N(M12)>0,UPPER(L12)="N"),"Pension not applicable, whole 12% goes to EPF. ","")&IF(AND(ISNUMBER(H12),ABS(SUM(C12:G12)-N(H12))>1),"Heads in the file add up to "&SUM(C12:G12)&", Gross is "&H12&" (a pay head may be missing). ","")&IF(AND(Settings!$B$32,N(H12)>0,ISNUMBER(M12),N(M12)<H12*0.5-0.5),"50% check: PF wage is "&TEXT(M12/H12,"0%")&" of gross. ","")&IF(AND(N(M12)>0,UPPER(K12)<>"N",N(N12)+N(O12)=0),"No days to count. ","")))
M13: =IF(COUNT(C13:H13)=0,"",IFERROR(MAX(0,ROUND(IF(Settings!$B$33,IF(H13="",SUM(C13:G13),H13)-SUMPRODUCT(($C$4:$G$4="Y")*C13:G13),SUMPRODUCT(($C$4:$G$4="Y")*C13:G13)),0)),"Check inputs")) | N13: =IF(AND(N($M13)>0,UPPER($K13)<>"N"),IF(Settings!$B$28,MAX(0,MIN(Settings!$B$16,IF(I13="",Settings!$B$16,I13)))/Settings!$B$15,1),"") | O13: =IF(AND(N($M13)>0,UPPER($K13)<>"N"),IF(Settings!$B$28,MAX(0,MIN(Settings!$B$17,IF(J13="",Settings!$B$17,J13)))/Settings!$B$15,0),"") | P13: =IF(N13="","",ROUND(IF(Settings!$B$27,MIN($M13,Settings!$B$29),$M13)*N13,0)) | Q13: =IF(N13="","",ROUND(IF(Settings!$B$27,MIN($M13,Settings!$B$30),$M13)*O13,0)) | R13: =IF(N13="","",P13+Q13) | S13: =IF(N13="","",ROUND(MIN($M13,Settings!$B$29)*N13,0)+ROUND(MIN($M13,Settings!$B$30)*O13,0)) | T13: =IF(N13="","",IF(UPPER(L13)="N",0,S13)) | U13: =IF(N13="","",ROUND(R13*Settings!$B$18,0)) | V13: =IF(N13="","",ROUND(R13*Settings!$B$19,0)-X13) | W13: =IF(N13="","",IF(Settings!$B$31,ROUND(R13*Settings!$B$22,0),0)) | X13: =IF(N13="","",MIN(ROUND(T13*Settings!$B$20,0),ROUND(R13*Settings!$B$19,0))) | Y13: =IF(N13="","",IF(Settings!$B$31,ROUND(S13*Settings!$B$21,0),0)) | Z13: =IF(N13="","",U13+V13+X13+W13+Y13) | AA13: =IF(COUNT(C13:H13)=0,"",TRIM(IF(UPPER(K13)="N","Not a PF member, skipped. ","")&IF(AND(UPPER(K13)<>"N",N(M13)<=0),"PF wage is zero, skipped. ","")&IF(AND(UPPER(K13)<>"N",N(M13)>0,UPPER(L13)="N"),"Pension not applicable, whole 12% goes to EPF. ","")&IF(AND(ISNUMBER(H13),ABS(SUM(C13:G13)-N(H13))>1),"Heads in the file add up to "&SUM(C13:G13)&", Gross is "&H13&" (a pay head may be missing). ","")&IF(AND(Settings!$B$32,N(H13)>0,ISNUMBER(M13),N(M13)<H13*0.5-0.5),"50% check: PF wage is "&TEXT(M13/H13,"0%")&" of gross. ","")&IF(AND(N(M13)>0,UPPER(K13)<>"N",N(N13)+N(O13)=0),"No days to count. ","")))
M14: =IF(COUNT(C14:H14)=0,"",IFERROR(MAX(0,ROUND(IF(Settings!$B$33,IF(H14="",SUM(C14:G14),H14)-SUMPRODUCT(($C$4:$G$4="Y")*C14:G14),SUMPRODUCT(($C$4:$G$4="Y")*C14:G14)),0)),"Check inputs")) | N14: =IF(AND(N($M14)>0,UPPER($K14)<>"N"),IF(Settings!$B$28,MAX(0,MIN(Settings!$B$16,IF(I14="",Settings!$B$16,I14)))/Settings!$B$15,1),"") | O14: =IF(AND(N($M14)>0,UPPER($K14)<>"N"),IF(Settings!$B$28,MAX(0,MIN(Settings!$B$17,IF(J14="",Settings!$B$17,J14)))/Settings!$B$15,0),"") | P14: =IF(N14="","",ROUND(IF(Settings!$B$27,MIN($M14,Settings!$B$29),$M14)*N14,0)) | Q14: =IF(N14="","",ROUND(IF(Settings!$B$27,MIN($M14,Settings!$B$30),$M14)*O14,0)) | R14: =IF(N14="","",P14+Q14) | S14: =IF(N14="","",ROUND(MIN($M14,Settings!$B$29)*N14,0)+ROUND(MIN($M14,Settings!$B$30)*O14,0)) | T14: =IF(N14="","",IF(UPPER(L14)="N",0,S14)) | U14: =IF(N14="","",ROUND(R14*Settings!$B$18,0)) | V14: =IF(N14="","",ROUND(R14*Settings!$B$19,0)-X14) | W14: =IF(N14="","",IF(Settings!$B$31,ROUND(R14*Settings!$B$22,0),0)) | X14: =IF(N14="","",MIN(ROUND(T14*Settings!$B$20,0),ROUND(R14*Settings!$B$19,0))) | Y14: =IF(N14="","",IF(Settings!$B$31,ROUND(S14*Settings!$B$21,0),0)) | Z14: =IF(N14="","",U14+V14+X14+W14+Y14) | AA14: =IF(COUNT(C14:H14)=0,"",TRIM(IF(UPPER(K14)="N","Not a PF member, skipped. ","")&IF(AND(UPPER(K14)<>"N",N(M14)<=0),"PF wage is zero, skipped. ","")&IF(AND(UPPER(K14)<>"N",N(M14)>0,UPPER(L14)="N"),"Pension not applicable, whole 12% goes to EPF. ","")&IF(AND(ISNUMBER(H14),ABS(SUM(C14:G14)-N(H14))>1),"Heads in the file add up to "&SUM(C14:G14)&", Gross is "&H14&" (a pay head may be missing). ","")&IF(AND(Settings!$B$32,N(H14)>0,ISNUMBER(M14),N(M14)<H14*0.5-0.5),"50% check: PF wage is "&TEXT(M14/H14,"0%")&" of gross. ","")&IF(AND(N(M14)>0,UPPER(K14)<>"N",N(N14)+N(O14)=0),"No days to count. ","")))
M15: =IF(COUNT(C15:H15)=0,"",IFERROR(MAX(0,ROUND(IF(Settings!$B$33,IF(H15="",SUM(C15:G15),H15)-SUMPRODUCT(($C$4:$G$4="Y")*C15:G15),SUMPRODUCT(($C$4:$G$4="Y")*C15:G15)),0)),"Check inputs")) | N15: =IF(AND(N($M15)>0,UPPER($K15)<>"N"),IF(Settings!$B$28,MAX(0,MIN(Settings!$B$16,IF(I15="",Settings!$B$16,I15)))/Settings!$B$15,1),"") | O15: =IF(AND(N($M15)>0,UPPER($K15)<>"N"),IF(Settings!$B$28,MAX(0,MIN(Settings!$B$17,IF(J15="",Settings!$B$17,J15)))/Settings!$B$15,0),"") | P15: =IF(N15="","",ROUND(IF(Settings!$B$27,MIN($M15,Settings!$B$29),$M15)*N15,0)) | Q15: =IF(N15="","",ROUND(IF(Settings!$B$27,MIN($M15,Settings!$B$30),$M15)*O15,0)) | R15: =IF(N15="","",P15+Q15) | S15: =IF(N15="","",ROUND(MIN($M15,Settings!$B$29)*N15,0)+ROUND(MIN($M15,Settings!$B$30)*O15,0)) | T15: =IF(N15="","",IF(UPPER(L15)="N",0,S15)) | U15: =IF(N15="","",ROUND(R15*Settings!$B$18,0)) | V15: =IF(N15="","",ROUND(R15*Settings!$B$19,0)-X15) | W15: =IF(N15="","",IF(Settings!$B$31,ROUND(R15*Settings!$B$22,0),0)) | X15: =IF(N15="","",MIN(ROUND(T15*Settings!$B$20,0),ROUND(R15*Settings!$B$19,0))) | Y15: =IF(N15="","",IF(Settings!$B$31,ROUND(S15*Settings!$B$21,0),0)) | Z15: =IF(N15="","",U15+V15+X15+W15+Y15) | AA15: =IF(COUNT(C15:H15)=0,"",TRIM(IF(UPPER(K15)="N","Not a PF member, skipped. ","")&IF(AND(UPPER(K15)<>"N",N(M15)<=0),"PF wage is zero, skipped. ","")&IF(AND(UPPER(K15)<>"N",N(M15)>0,UPPER(L15)="N"),"Pension not applicable, whole 12% goes to EPF. ","")&IF(AND(ISNUMBER(H15),ABS(SUM(C15:G15)-N(H15))>1),"Heads in the file add up to "&SUM(C15:G15)&", Gross is "&H15&" (a pay head may be missing). ","")&IF(AND(Settings!$B$32,N(H15)>0,ISNUMBER(M15),N(M15)<H15*0.5-0.5),"50% check: PF wage is "&TEXT(M15/H15,"0%")&" of gross. ","")&IF(AND(N(M15)>0,UPPER(K15)<>"N",N(N15)+N(O15)=0),"No days to count. ","")))
M16: =IF(COUNT(C16:H16)=0,"",IFERROR(MAX(0,ROUND(IF(Settings!$B$33,IF(H16="",SUM(C16:G16),H16)-SUMPRODUCT(($C$4:$G$4="Y")*C16:G16),SUMPRODUCT(($C$4:$G$4="Y")*C16:G16)),0)),"Check inputs")) | N16: =IF(AND(N($M16)>0,UPPER($K16)<>"N"),IF(Settings!$B$28,MAX(0,MIN(Settings!$B$16,IF(I16="",Settings!$B$16,I16)))/Settings!$B$15,1),"") | O16: =IF(AND(N($M16)>0,UPPER($K16)<>"N"),IF(Settings!$B$28,MAX(0,MIN(Settings!$B$17,IF(J16="",Settings!$B$17,J16)))/Settings!$B$15,0),"") | P16: =IF(N16="","",ROUND(IF(Settings!$B$27,MIN($M16,Settings!$B$29),$M16)*N16,0)) | Q16: =IF(N16="","",ROUND(IF(Settings!$B$27,MIN($M16,Settings!$B$30),$M16)*O16,0)) | R16: =IF(N16="","",P16+Q16) | S16: =IF(N16="","",ROUND(MIN($M16,Settings!$B$29)*N16,0)+ROUND(MIN($M16,Settings!$B$30)*O16,0)) | T16: =IF(N16="","",IF(UPPER(L16)="N",0,S16)) | U16: =IF(N16="","",ROUND(R16*Settings!$B$18,0)) | V16: =IF(N16="","",ROUND(R16*Settings!$B$19,0)-X16) | W16: =IF(N16="","",IF(Settings!$B$31,ROUND(R16*Settings!$B$22,0),0)) | X16: =IF(N16="","",MIN(ROUND(T16*Settings!$B$20,0),ROUND(R16*Settings!$B$19,0))) | Y16: =IF(N16="","",IF(Settings!$B$31,ROUND(S16*Settings!$B$21,0),0)) | Z16: =IF(N16="","",U16+V16+X16+W16+Y16) | AA16: =IF(COUNT(C16:H16)=0,"",TRIM(IF(UPPER(K16)="N","Not a PF member, skipped. ","")&IF(AND(UPPER(K16)<>"N",N(M16)<=0),"PF wage is zero, skipped. ","")&IF(AND(UPPER(K16)<>"N",N(M16)>0,UPPER(L16)="N"),"Pension not applicable, whole 12% goes to EPF. ","")&IF(AND(ISNUMBER(H16),ABS(SUM(C16:G16)-N(H16))>1),"Heads in the file add up to "&SUM(C16:G16)&", Gross is "&H16&" (a pay head may be missing). ","")&IF(AND(Settings!$B$32,N(H16)>0,ISNUMBER(M16),N(M16)<H16*0.5-0.5),"50% check: PF wage is "&TEXT(M16/H16,"0%")&" of gross. ","")&IF(AND(N(M16)>0,UPPER(K16)<>"N",N(N16)+N(O16)=0),"No days to count. ","")))
M17: =IF(COUNT(C17:H17)=0,"",IFERROR(MAX(0,ROUND(IF(Settings!$B$33,IF(H17="",SUM(C17:G17),H17)-SUMPRODUCT(($C$4:$G$4="Y")*C17:G17),SUMPRODUCT(($C$4:$G$4="Y")*C17:G17)),0)),"Check inputs")) | N17: =IF(AND(N($M17)>0,UPPER($K17)<>"N"),IF(Settings!$B$28,MAX(0,MIN(Settings!$B$16,IF(I17="",Settings!$B$16,I17)))/Settings!$B$15,1),"") | O17: =IF(AND(N($M17)>0,UPPER($K17)<>"N"),IF(Settings!$B$28,MAX(0,MIN(Settings!$B$17,IF(J17="",Settings!$B$17,J17)))/Settings!$B$15,0),"") | P17: =IF(N17="","",ROUND(IF(Settings!$B$27,MIN($M17,Settings!$B$29),$M17)*N17,0)) | Q17: =IF(N17="","",ROUND(IF(Settings!$B$27,MIN($M17,Settings!$B$30),$M17)*O17,0)) | R17: =IF(N17="","",P17+Q17) | S17: =IF(N17="","",ROUND(MIN($M17,Settings!$B$29)*N17,0)+ROUND(MIN($M17,Settings!$B$30)*O17,0)) | T17: =IF(N17="","",IF(UPPER(L17)="N",0,S17)) | U17: =IF(N17="","",ROUND(R17*Settings!$B$18,0)) | V17: =IF(N17="","",ROUND(R17*Settings!$B$19,0)-X17) | W17: =IF(N17="","",IF(Settings!$B$31,ROUND(R17*Settings!$B$22,0),0)) | X17: =IF(N17="","",MIN(ROUND(T17*Settings!$B$20,0),ROUND(R17*Settings!$B$19,0))) | Y17: =IF(N17="","",IF(Settings!$B$31,ROUND(S17*Settings!$B$21,0),0)) | Z17: =IF(N17="","",U17+V17+X17+W17+Y17) | AA17: =IF(COUNT(C17:H17)=0,"",TRIM(IF(UPPER(K17)="N","Not a PF member, skipped. ","")&IF(AND(UPPER(K17)<>"N",N(M17)<=0),"PF wage is zero, skipped. ","")&IF(AND(UPPER(K17)<>"N",N(M17)>0,UPPER(L17)="N"),"Pension not applicable, whole 12% goes to EPF. ","")&IF(AND(ISNUMBER(H17),ABS(SUM(C17:G17)-N(H17))>1),"Heads in the file add up to "&SUM(C17:G17)&", Gross is "&H17&" (a pay head may be missing). ","")&IF(AND(Settings!$B$32,N(H17)>0,ISNUMBER(M17),N(M17)<H17*0.5-0.5),"50% check: PF wage is "&TEXT(M17/H17,"0%")&" of gross. ","")&IF(AND(N(M17)>0,UPPER(K17)<>"N",N(N17)+N(O17)=0),"No days to count. ","")))
M18: =IF(COUNT(C18:H18)=0,"",IFERROR(MAX(0,ROUND(IF(Settings!$B$33,IF(H18="",SUM(C18:G18),H18)-SUMPRODUCT(($C$4:$G$4="Y")*C18:G18),SUMPRODUCT(($C$4:$G$4="Y")*C18:G18)),0)),"Check inputs")) | N18: =IF(AND(N($M18)>0,UPPER($K18)<>"N"),IF(Settings!$B$28,MAX(0,MIN(Settings!$B$16,IF(I18="",Settings!$B$16,I18)))/Settings!$B$15,1),"") | O18: =IF(AND(N($M18)>0,UPPER($K18)<>"N"),IF(Settings!$B$28,MAX(0,MIN(Settings!$B$17,IF(J18="",Settings!$B$17,J18)))/Settings!$B$15,0),"") | P18: =IF(N18="","",ROUND(IF(Settings!$B$27,MIN($M18,Settings!$B$29),$M18)*N18,0)) | Q18: =IF(N18="","",ROUND(IF(Settings!$B$27,MIN($M18,Settings!$B$30),$M18)*O18,0)) | R18: =IF(N18="","",P18+Q18) | S18: =IF(N18="","",ROUND(MIN($M18,Settings!$B$29)*N18,0)+ROUND(MIN($M18,Settings!$B$30)*O18,0)) | T18: =IF(N18="","",IF(UPPER(L18)="N",0,S18)) | U18: =IF(N18="","",ROUND(R18*Settings!$B$18,0)) | V18: =IF(N18="","",ROUND(R18*Settings!$B$19,0)-X18) | W18: =IF(N18="","",IF(Settings!$B$31,ROUND(R18*Settings!$B$22,0),0)) | X18: =IF(N18="","",MIN(ROUND(T18*Settings!$B$20,0),ROUND(R18*Settings!$B$19,0))) | Y18: =IF(N18="","",IF(Settings!$B$31,ROUND(S18*Settings!$B$21,0),0)) | Z18: =IF(N18="","",U18+V18+X18+W18+Y18) | AA18: =IF(COUNT(C18:H18)=0,"",TRIM(IF(UPPER(K18)="N","Not a PF member, skipped. ","")&IF(AND(UPPER(K18)<>"N",N(M18)<=0),"PF wage is zero, skipped. ","")&IF(AND(UPPER(K18)<>"N",N(M18)>0,UPPER(L18)="N"),"Pension not applicable, whole 12% goes to EPF. ","")&IF(AND(ISNUMBER(H18),ABS(SUM(C18:G18)-N(H18))>1),"Heads in the file add up to "&SUM(C18:G18)&", Gross is "&H18&" (a pay head may be missing). ","")&IF(AND(Settings!$B$32,N(H18)>0,ISNUMBER(M18),N(M18)<H18*0.5-0.5),"50% check: PF wage is "&TEXT(M18/H18,"0%")&" of gross. ","")&IF(AND(N(M18)>0,UPPER(K18)<>"N",N(N18)+N(O18)=0),"No days to count. ","")))
M19: =IF(COUNT(C19:H19)=0,"",IFERROR(MAX(0,ROUND(IF(Settings!$B$33,IF(H19="",SUM(C19:G19),H19)-SUMPRODUCT(($C$4:$G$4="Y")*C19:G19),SUMPRODUCT(($C$4:$G$4="Y")*C19:G19)),0)),"Check inputs")) | N19: =IF(AND(N($M19)>0,UPPER($K19)<>"N"),IF(Settings!$B$28,MAX(0,MIN(Settings!$B$16,IF(I19="",Settings!$B$16,I19)))/Settings!$B$15,1),"") | O19: =IF(AND(N($M19)>0,UPPER($K19)<>"N"),IF(Settings!$B$28,MAX(0,MIN(Settings!$B$17,IF(J19="",Settings!$B$17,J19)))/Settings!$B$15,0),"") | P19: =IF(N19="","",ROUND(IF(Settings!$B$27,MIN($M19,Settings!$B$29),$M19)*N19,0)) | Q19: =IF(N19="","",ROUND(IF(Settings!$B$27,MIN($M19,Settings!$B$30),$M19)*O19,0)) | R19: =IF(N19="","",P19+Q19) | S19: =IF(N19="","",ROUND(MIN($M19,Settings!$B$29)*N19,0)+ROUND(MIN($M19,Settings!$B$30)*O19,0)) | T19: =IF(N19="","",IF(UPPER(L19)="N",0,S19)) | U19: =IF(N19="","",ROUND(R19*Settings!$B$18,0)) | V19: =IF(N19="","",ROUND(R19*Settings!$B$19,0)-X19) | W19: =IF(N19="","",IF(Settings!$B$31,ROUND(R19*Settings!$B$22,0),0)) | X19: =IF(N19="","",MIN(ROUND(T19*Settings!$B$20,0),ROUND(R19*Settings!$B$19,0))) | Y19: =IF(N19="","",IF(Settings!$B$31,ROUND(S19*Settings!$B$21,0),0)) | Z19: =IF(N19="","",U19+V19+X19+W19+Y19) | AA19: =IF(COUNT(C19:H19)=0,"",TRIM(IF(UPPER(K19)="N","Not a PF member, skipped. ","")&IF(AND(UPPER(K19)<>"N",N(M19)<=0),"PF wage is zero, skipped. ","")&IF(AND(UPPER(K19)<>"N",N(M19)>0,UPPER(L19)="N"),"Pension not applicable, whole 12% goes to EPF. ","")&IF(AND(ISNUMBER(H19),ABS(SUM(C19:G19)-N(H19))>1),"Heads in the file add up to "&SUM(C19:G19)&", Gross is "&H19&" (a pay head may be missing). ","")&IF(AND(Settings!$B$32,N(H19)>0,ISNUMBER(M19),N(M19)<H19*0.5-0.5),"50% check: PF wage is "&TEXT(M19/H19,"0%")&" of gross. ","")&IF(AND(N(M19)>0,UPPER(K19)<>"N",N(N19)+N(O19)=0),"No days to count. ","")))
M20: =IF(COUNT(C20:H20)=0,"",IFERROR(MAX(0,ROUND(IF(Settings!$B$33,IF(H20="",SUM(C20:G20),H20)-SUMPRODUCT(($C$4:$G$4="Y")*C20:G20),SUMPRODUCT(($C$4:$G$4="Y")*C20:G20)),0)),"Check inputs")) | N20: =IF(AND(N($M20)>0,UPPER($K20)<>"N"),IF(Settings!$B$28,MAX(0,MIN(Settings!$B$16,IF(I20="",Settings!$B$16,I20)))/Settings!$B$15,1),"") | O20: =IF(AND(N($M20)>0,UPPER($K20)<>"N"),IF(Settings!$B$28,MAX(0,MIN(Settings!$B$17,IF(J20="",Settings!$B$17,J20)))/Settings!$B$15,0),"") | P20: =IF(N20="","",ROUND(IF(Settings!$B$27,MIN($M20,Settings!$B$29),$M20)*N20,0)) | Q20: =IF(N20="","",ROUND(IF(Settings!$B$27,MIN($M20,Settings!$B$30),$M20)*O20,0)) | R20: =IF(N20="","",P20+Q20) | S20: =IF(N20="","",ROUND(MIN($M20,Settings!$B$29)*N20,0)+ROUND(MIN($M20,Settings!$B$30)*O20,0)) | T20: =IF(N20="","",IF(UPPER(L20)="N",0,S20)) | U20: =IF(N20="","",ROUND(R20*Settings!$B$18,0)) | V20: =IF(N20="","",ROUND(R20*Settings!$B$19,0)-X20) | W20: =IF(N20="","",IF(Settings!$B$31,ROUND(R20*Settings!$B$22,0),0)) | X20: =IF(N20="","",MIN(ROUND(T20*Settings!$B$20,0),ROUND(R20*Settings!$B$19,0))) | Y20: =IF(N20="","",IF(Settings!$B$31,ROUND(S20*Settings!$B$21,0),0)) | Z20: =IF(N20="","",U20+V20+X20+W20+Y20) | AA20: =IF(COUNT(C20:H20)=0,"",TRIM(IF(UPPER(K20)="N","Not a PF member, skipped. ","")&IF(AND(UPPER(K20)<>"N",N(M20)<=0),"PF wage is zero, skipped. ","")&IF(AND(UPPER(K20)<>"N",N(M20)>0,UPPER(L20)="N"),"Pension not applicable, whole 12% goes to EPF. ","")&IF(AND(ISNUMBER(H20),ABS(SUM(C20:G20)-N(H20))>1),"Heads in the file add up to "&SUM(C20:G20)&", Gross is "&H20&" (a pay head may be missing). ","")&IF(AND(Settings!$B$32,N(H20)>0,ISNUMBER(M20),N(M20)<H20*0.5-0.5),"50% check: PF wage is "&TEXT(M20/H20,"0%")&" of gross. ","")&IF(AND(N(M20)>0,UPPER(K20)<>"N",N(N20)+N(O20)=0),"No days to count. ","")))
M21: =IF(COUNT(C21:H21)=0,"",IFERROR(MAX(0,ROUND(IF(Settings!$B$33,IF(H21="",SUM(C21:G21),H21)-SUMPRODUCT(($C$4:$G$4="Y")*C21:G21),SUMPRODUCT(($C$4:$G$4="Y")*C21:G21)),0)),"Check inputs")) | N21: =IF(AND(N($M21)>0,UPPER($K21)<>"N"),IF(Settings!$B$28,MAX(0,MIN(Settings!$B$16,IF(I21="",Settings!$B$16,I21)))/Settings!$B$15,1),"") | O21: =IF(AND(N($M21)>0,UPPER($K21)<>"N"),IF(Settings!$B$28,MAX(0,MIN(Settings!$B$17,IF(J21="",Settings!$B$17,J21)))/Settings!$B$15,0),"") | P21: =IF(N21="","",ROUND(IF(Settings!$B$27,MIN($M21,Settings!$B$29),$M21)*N21,0)) | Q21: =IF(N21="","",ROUND(IF(Settings!$B$27,MIN($M21,Settings!$B$30),$M21)*O21,0)) | R21: =IF(N21="","",P21+Q21) | S21: =IF(N21="","",ROUND(MIN($M21,Settings!$B$29)*N21,0)+ROUND(MIN($M21,Settings!$B$30)*O21,0)) | T21: =IF(N21="","",IF(UPPER(L21)="N",0,S21)) | U21: =IF(N21="","",ROUND(R21*Settings!$B$18,0)) | V21: =IF(N21="","",ROUND(R21*Settings!$B$19,0)-X21) | W21: =IF(N21="","",IF(Settings!$B$31,ROUND(R21*Settings!$B$22,0),0)) | X21: =IF(N21="","",MIN(ROUND(T21*Settings!$B$20,0),ROUND(R21*Settings!$B$19,0))) | Y21: =IF(N21="","",IF(Settings!$B$31,ROUND(S21*Settings!$B$21,0),0)) | Z21: =IF(N21="","",U21+V21+X21+W21+Y21) | AA21: =IF(COUNT(C21:H21)=0,"",TRIM(IF(UPPER(K21)="N","Not a PF member, skipped. ","")&IF(AND(UPPER(K21)<>"N",N(M21)<=0),"PF wage is zero, skipped. ","")&IF(AND(UPPER(K21)<>"N",N(M21)>0,UPPER(L21)="N"),"Pension not applicable, whole 12% goes to EPF. ","")&IF(AND(ISNUMBER(H21),ABS(SUM(C21:G21)-N(H21))>1),"Heads in the file add up to "&SUM(C21:G21)&", Gross is "&H21&" (a pay head may be missing). ","")&IF(AND(Settings!$B$32,N(H21)>0,ISNUMBER(M21),N(M21)<H21*0.5-0.5),"50% check: PF wage is "&TEXT(M21/H21,"0%")&" of gross. ","")&IF(AND(N(M21)>0,UPPER(K21)<>"N",N(N21)+N(O21)=0),"No days to count. ","")))
M22: =IF(COUNT(C22:H22)=0,"",IFERROR(MAX(0,ROUND(IF(Settings!$B$33,IF(H22="",SUM(C22:G22),H22)-SUMPRODUCT(($C$4:$G$4="Y")*C22:G22),SUMPRODUCT(($C$4:$G$4="Y")*C22:G22)),0)),"Check inputs")) | N22: =IF(AND(N($M22)>0,UPPER($K22)<>"N"),IF(Settings!$B$28,MAX(0,MIN(Settings!$B$16,IF(I22="",Settings!$B$16,I22)))/Settings!$B$15,1),"") | O22: =IF(AND(N($M22)>0,UPPER($K22)<>"N"),IF(Settings!$B$28,MAX(0,MIN(Settings!$B$17,IF(J22="",Settings!$B$17,J22)))/Settings!$B$15,0),"") | P22: =IF(N22="","",ROUND(IF(Settings!$B$27,MIN($M22,Settings!$B$29),$M22)*N22,0)) | Q22: =IF(N22="","",ROUND(IF(Settings!$B$27,MIN($M22,Settings!$B$30),$M22)*O22,0)) | R22: =IF(N22="","",P22+Q22) | S22: =IF(N22="","",ROUND(MIN($M22,Settings!$B$29)*N22,0)+ROUND(MIN($M22,Settings!$B$30)*O22,0)) | T22: =IF(N22="","",IF(UPPER(L22)="N",0,S22)) | U22: =IF(N22="","",ROUND(R22*Settings!$B$18,0)) | V22: =IF(N22="","",ROUND(R22*Settings!$B$19,0)-X22) | W22: =IF(N22="","",IF(Settings!$B$31,ROUND(R22*Settings!$B$22,0),0)) | X22: =IF(N22="","",MIN(ROUND(T22*Settings!$B$20,0),ROUND(R22*Settings!$B$19,0))) | Y22: =IF(N22="","",IF(Settings!$B$31,ROUND(S22*Settings!$B$21,0),0)) | Z22: =IF(N22="","",U22+V22+X22+W22+Y22) | AA22: =IF(COUNT(C22:H22)=0,"",TRIM(IF(UPPER(K22)="N","Not a PF member, skipped. ","")&IF(AND(UPPER(K22)<>"N",N(M22)<=0),"PF wage is zero, skipped. ","")&IF(AND(UPPER(K22)<>"N",N(M22)>0,UPPER(L22)="N"),"Pension not applicable, whole 12% goes to EPF. ","")&IF(AND(ISNUMBER(H22),ABS(SUM(C22:G22)-N(H22))>1),"Heads in the file add up to "&SUM(C22:G22)&", Gross is "&H22&" (a pay head may be missing). ","")&IF(AND(Settings!$B$32,N(H22)>0,ISNUMBER(M22),N(M22)<H22*0.5-0.5),"50% check: PF wage is "&TEXT(M22/H22,"0%")&" of gross. ","")&IF(AND(N(M22)>0,UPPER(K22)<>"N",N(N22)+N(O22)=0),"No days to count. ","")))
... M307: =IF(COUNT(C307:H307)=0,"",IFERROR(MAX(0,ROUND(IF(Settings!$B$33,IF(H307="",SUM(C307:G307),H307)-SUMPRODUCT(($C$4:$G$4="Y")*C307:G307),SUMPRODUCT(($C$4:$G$4="Y")*C307:G307)),0)),"Check inputs")) | N307: =IF(AND(N($M307)>0,UPPER($K307)<>"N"),IF(Settings!$B$28,MAX(0,MIN(Settings!$B$16,IF(I307="",Settings!$B$16,I307)))/Settings!$B$15,1),"") | O307: =IF(AND(N($M307)>0,UPPER($K307)<>"N"),IF(Settings!$B$28,MAX(0,MIN(Settings!$B$17,IF(J307="",Settings!$B$17,J307)))/Settings!$B$15,0),"") | P307: =IF(N307="","",ROUND(IF(Settings!$B$27,MIN($M307,Settings!$B$29),$M307)*N307,0)) | Q307: =IF(N307="","",ROUND(IF(Settings!$B$27,MIN($M307,Settings!$B$30),$M307)*O307,0)) | R307: =IF(N307="","",P307+Q307) | S307: =IF(N307="","",ROUND(MIN($M307,Settings!$B$29)*N307,0)+ROUND(MIN($M307,Settings!$B$30)*O307,0)) | T307: =IF(N307="","",IF(UPPER(L307)="N",0,S307)) | U307: =IF(N307="","",ROUND(R307*Settings!$B$18,0)) | V307: =IF(N307="","",ROUND(R307*Settings!$B$19,0)-X307) | W307: =IF(N307="","",IF(Settings!$B$31,ROUND(R307*Settings!$B$22,0),0)) | X307: =IF(N307="","",MIN(ROUND(T307*Settings!$B$20,0),ROUND(R307*Settings!$B$19,0))) | Y307: =IF(N307="","",IF(Settings!$B$31,ROUND(S307*Settings!$B$21,0),0)) | Z307: =IF(N307="","",U307+V307+X307+W307+Y307) | AA307: =IF(COUNT(C307:H307)=0,"",TRIM(IF(UPPER(K307)="N","Not a PF member, skipped. ","")&IF(AND(UPPER(K307)<>"N",N(M307)<=0),"PF wage is zero, skipped. ","")&IF(AND(UPPER(K307)<>"N",N(M307)>0,UPPER(L307)="N"),"Pension not applicable, whole 12% goes to EPF. ","")&IF(AND(ISNUMBER(H307),ABS(SUM(C307:G307)-N(H307))>1),"Heads in the file add up to "&SUM(C307:G307)&", Gross is "&H307&" (a pay head may be missing). ","")&IF(AND(Settings!$B$32,N(H307)>0,ISNUMBER(M307),N(M307)<H307*0.5-0.5),"50% check: PF wage is "&TEXT(M307/H307,"0%")&" of gross. ","")&IF(AND(N(M307)>0,UPPER(K307)<>"N",N(N307)+N(O307)=0),"No days to count. ","")))

Sheet Notes & Sources
A1: Notes and sources
A2: Read this before relying on any figure in the workbook.
A4: THE CEILING
A5: Ceiling from 17 Sep 2026 | B5: The Central Government has notified ₹25,000 per month as the wage ceiling for Chapter III of the Code on Social Security, 2020, with effect from the date of publication. Source: Gazette of India Extraordinary, Part II Section 3(ii), S.O. 5109(E), Ministry of Labour and Employment, 17 September 2026 (clause (89) of section 2). It supersedes S.O. 2702(E) dated 29 May 2026.
A6: Earlier ceiling | B6: ₹15,000 per month, Notification GSR 609(E) dated 22.08.2014. Used for all periods before 17 September 2026.
A7: Other documents reviewed | B7: EPFO press release dated 17.09.2026 (Regional Office Thane South, Ghatkopar) and PIB release ID 2310812 dated 16 September 2026. These describe benefits and the PMVBRY incentive; they do not set out how to treat the changeover month.
A8: THE SEPTEMBER 2026 QUESTION
A9: Why September is different | B9: The new ceiling took effect on 17 September, part-way through the month. That leaves 16 days before the change and 14 days after.
A10: Split by days | B10: Each ceiling is spread across a 30-day month and multiplied by the days in that half, then the two halves are added. It follows the effective date exactly. It is a straight-line method chosen for this model.
A11: Whole month at ₹25,000 | B11: Simpler. Contributions are reported month by month with one wage figure per member, so some payroll teams prefer a single ceiling for the whole month. The cost is charging the higher ceiling for 16 days that fell before the effective date, which raises the employee deduction.
A12: Whole month at ₹15,000 | B12: Treats the new ceiling as starting from October, the first full month. The reverse trade-off: it undercharges for the last 14 days of September if the change applies from 17 September.
A13: What to do | B13: None of the three is confirmed by the documents reviewed. Check EPFO’s operational guidance or ask EPFO before you file for September 2026. Use the Split vs Whole Month sheet to see the rupee difference.
A14: HOW THE NUMBERS ARE WORKED OUT
A15: PF wage | B15: Contributions are worked on statutory PF wages, not gross salary. The Code defines wages in Section 2(88): basic pay, dearness allowance and retaining allowance, with listed components excluded, subject to a 50% rule. In the Bulk sheet you choose which heads count.
A16: Rates | B16: Employee 12% of PF wage. Employer 12%, split as EPS 8.33% (A/c 10, on wages capped at the ceiling) and the 3.67% balance to EPF (A/c 1). EPF admin charges 0.5% (A/c 2). EDLI 0.5% (A/c 21) on wages capped at the ceiling. Sources: Section 6 EPF & MP Act, 1952; Para 3 EPS, 1995; Para 8A EDLI Scheme, 1976; as used in the LEAP EPF calculator.
A17: Rounding | B17: Each line is rounded to whole rupees. In the Bulk sheet each employee is rounded on their own and the totals add those rows, as in a contribution return.
A18: Admin charges | B18: Shown as a straight 0.5% of the PF wage. The ₹500 monthly minimum applies to the establishment’s total, not to each employee, and is taken as already met.
A19: Pension | B19: Pension applicability is your input (Y/N). Higher pension on actual wages and international-worker rules are not modelled here.
A20: WHAT THIS WORKBOOK DOES NOT DECIDE
A21: Enrolment | B21: Whether a person must be enrolled, and the excluded-employee position, depends on membership history and the EPF Scheme, 2026. The workbook calculates for every row you give it. Use the PF Member column to leave people out.
A22: Arrears | B22: Do not start recoveries or back-dated deductions on the strength of these figures. Transitional handling depends on EPFO’s instructions.
A23: 50% warning | B23: The optional warning only flags rows where PF wage is under half of gross. It is not a legal finding: it assumes all the heads left out are listed exclusions under Section 2(88).
A24: Indicative only | B24: Figures are for planning. Check them against the latest notification and EPFO circulars, and contact LEAP for a review of your own payroll.
A25: Prepared by | B25: LEAP Business Solutions, Mumbai. www.leapbusiness.in/calculators/epf-wage-ceiling/
